{
  "band_num": 0.0,
  "alpha": [
    6.2831853071795862,
    0
  ],
  "delta": [
    1.5707963267948966,
    -1.5707963267948966
  ],
  "angular_velocity": [
    200.0,
    1.0
  ],
  "phi0": [
    3.1415926535897931,
    0.0
  ],
  "amplitude": [
    -6.0,
    -15.0
  ],
  "inclination": [
    3.1415926535897931,
    0.0
  ],
  "polarization": [
    3.1415926535897931,
    0.0
  ]
}
